{
  "base_measures_r0": {
    "time_per_run_seconds": 8.8,
    "storage_per_run_mb": 37.5
  },
  "n2": {
    "n_sequences": 9,
    "n_runs": 2835,
    "time_hours": 13.860000000000001,
    "storage_gb": 207.6416015625
  },
  "n3": {
    "n_sequences": 27,
    "n_runs": 8505,
    "time_hours": 62.37,
    "storage_gb": 934.38720703125
  },
  "total": {
    "n_runs": 11340,
    "time_hours": 76.23,
    "time_days": 3.17625,
    "storage_gb": 1142.02880859375
  }
}