{
  "phase": "poc2",
  "n_observations": 224,
  "n_features": 44,
  "feature_stats": {
    "euclidean_norm_initial": {
      "n_valid": 224,
      "n_nan": 0,
      "n_inf": 0,
      "mean": 103.08588301075919,
      "median": 40.732859708977124,
      "std": 147.33906468969096,
      "min": 5.949929015880957,
      "max": 577.182351965948,
      "q1": 23.010083498582468,
      "q3": 59.49929015880958
    },
    "euclidean_norm_final": {
      "n_valid": 224,
      "n_nan": 0,
      "n_inf": 1,
      "mean": 6.553802224709708e+71,
      "median": 28.764048145390056,
      "std": 9.786913794928415e+72,
      "min": 0.0,
      "max": 1.4614978961102648e+74,
      "q1": 12.300160213599359,
      "q3": 95.5773578484829
    },
    "euclidean_norm_mean": {
      "n_valid": 224,
      "n_nan": 0,
      "n_inf": 1,
      "mean": 5.958002022463373e+70,
      "median": 36.00423298313151,
      "std": 8.897194359025837e+71,
      "min": 0.5945123920018303,
      "max": 1.3286344510093322e+73,
      "q1": 16.30084376120199,
      "q3": 81.44007470896833
    },
    "entropy_initial": {
      "n_valid": 224,
      "n_nan": 0,
      "n_inf": 0,
      "mean": 2.4448525587054695,
      "median": 2.9338644922068005,
      "std": 1.442576708788791,
      "min": 0.0013804313991122512,
      "max": 3.911999863410142,
      "q1": 1.2355553340805794,
      "q3": 3.725554009112138
    },
    "entropy_final": {
      "n_valid": 224,
      "n_nan": 0,
      "n_inf": 0,
      "mean": 2.086308901071258,
      "median": 2.569041641265423,
      "std": 1.447544781376383,
      "min": 0.0,
      "max": 3.911999863410142,
      "q1": 0.708154403266632,
      "q3": 3.4253278454845137
    },
    "mean_value_initial": {
      "n_valid": 224,
      "n_nan": 0,
      "n_inf": 0,
      "mean": 0.03263278277388496,
      "median": -2.1316282072803004e-18,
      "std": 0.11963134969370541,
      "min": -0.05963851324358134,
      "max": 0.505,
      "q1": -0.0023361769262803134,
      "q3": 0.009115392319786317
    },
    "mean_value_final": {
      "n_valid": 224,
      "n_nan": 0,
      "n_inf": 0,
      "mean": -1.7803032347442723e+233,
      "median": 9.003444038641444e-07,
      "std": "inf",
      "min": -3.98787924582717e+235,
      "max": 1.4614978961102652e+72,
      "q1": -0.002193026633287934,
      "q3": 0.004120768468558657
    },
    "std_value_initial": {
      "n_valid": 224,
      "n_nan": 0,
      "n_inf": 0,
      "mean": 0.48355629090980007,
      "median": 0.23495130137831893,
      "std": 0.8776712739207811,
      "min": 0.005949926026977102,
      "max": 4.083054205586931,
      "q1": 0.14095274563036964,
      "q3": 0.4506539246951881
    },
    "std_value_final": {
      "n_valid": 224,
      "n_nan": 0,
      "n_inf": 1,
      "mean": 8.796386961023936e+53,
      "median": 0.17187633141853242,
      "std": 1.313580696252805e+55,
      "min": 0.0,
      "max": 1.9615942923083377e+56,
      "q1": 0.0648478554712385,
      "q3": 0.42444846481731147
    },
    "std_value_mean": {
      "n_valid": 224,
      "n_nan": 0,
      "n_inf": 1,
      "mean": 0.3640439103851213,
      "median": 0.20144889008662586,
      "std": 0.5864441825255535,
      "min": 0.0,
      "max": 5.30852314280957,
      "q1": 0.0812010953901865,
      "q3": 0.4543804659767128
    },
    "range_value_initial": {
      "n_valid": 224,
      "n_nan": 0,
      "n_inf": 0,
      "mean": 2.6711269834049247,
      "median": 1.9682125501463263,
      "std": 4.147471881544652,
      "min": 0.5,
      "max": 19.9707966225578,
      "q1": 1.4949384161537813,
      "q3": 1.999412077061529
    },
    "range_value_final": {
      "n_valid": 224,
      "n_nan": 0,
      "n_inf": 0,
      "mean": 2.896910153242512e+234,
      "median": 0.958635501680812,
      "std": "inf",
      "min": 0.0,
      "max": 6.489078743263227e+236,
      "q1": 0.5880439874674226,
      "q3": 1.9150080493976878
    },
    "range_value_mean": {
      "n_valid": 224,
      "n_nan": 0,
      "n_inf": 0,
      "mean": 2.896910153242512e+233,
      "median": 1.2517827889037467,
      "std": "inf",
      "min": 0.0,
      "max": 6.489078743263227e+235,
      "q1": 0.9620163062444176,
      "q3": 1.8746323183086941
    },
    "cv_initial": {
      "n_valid": 224,
      "n_nan": 0,
      "n_inf": 0,
      "mean": 306629988.08315456,
      "median": 49.24554111692232,
      "std": 1291699371.4861286,
      "min": 0.09851360761481116,
      "max": 5723734045.537387,
      "q1": 12.437590614875608,
      "q3": 896.503709116501
    },
    "cv_final": {
      "n_valid": 224,
      "n_nan": 0,
      "n_inf": 1,
      "mean": 174138246.91336218,
      "median": 59.22195672631316,
      "std": 1143132029.5941792,
      "min": 0.0,
      "max": 9522487213.344498,
      "q1": 12.839505642236198,
      "q3": 963.8788586469063
    },
    "singular_value_max_initial": {
      "n_valid": 224,
      "n_nan": 0,
      "n_inf": 0,
      "mean": 35.90103965731062,
      "median": 10.05103095685371,
      "std": 71.53055295711879,
      "min": 0.9889557657527952,
      "max": 288.7549924649397,
      "q1": 4.473070180627682,
      "q3": 20.44847148033625
    },
    "singular_value_max_final": {
      "n_valid": 224,
      "n_nan": 0,
      "n_inf": 0,
      "mean": 4.575403434208044e+235,
      "median": 7.3197427335350405,
      "std": "inf",
      "min": 0.0,
      "max": 1.0248903692626018e+238,
      "q1": 2.8031479987297185,
      "q3": 23.377473487553367
    },
    "singular_value_max_mean": {
      "n_valid": 224,
      "n_nan": 0,
      "n_inf": 0,
      "mean": 4.5754034342080434e+234,
      "median": 7.547902278186989,
      "std": "inf",
      "min": 0.09881570961811609,
      "max": 1.0248903692626017e+237,
      "q1": 3.1540775680851816,
      "q3": 22.805539436599297
    },
    "singular_value_min_initial": {
      "n_valid": 224,
      "n_nan": 0,
      "n_inf": 0,
      "mean": 4.460148145415569,
      "median": 0.04154126749294973,
      "std": 11.978055488930579,
      "min": 0.0,
      "max": 51.98674844327737,
      "q1": 0.0076368147756708206,
      "q3": 0.49999999999994577
    },
    "singular_value_min_final": {
      "n_valid": 224,
      "n_nan": 0,
      "n_inf": 0,
      "mean": 1.3047286196018195e+217,
      "median": 0.027988086750356515,
      "std": "inf",
      "min": 0.0,
      "max": 2.9225921079080756e+219,
      "q1": 0.0014481241569587599,
      "q3": 0.5146815062336051
    },
    "singular_value_min_mean": {
      "n_valid": 224,
      "n_nan": 0,
      "n_inf": 0,
      "mean": 2.6040292066485933e+216,
      "median": 0.02848973331241114,
      "std": "inf",
      "min": 0.0,
      "max": 5.833025422892849e+218,
      "q1": 0.003298700855714338,
      "q3": 0.4951638843329013
    },
    "singular_value_spread_initial": {
      "n_valid": 224,
      "n_nan": 0,
      "n_inf": 0,
      "mean": 31.440891511895057,
      "median": 7.8587218246993285,
      "std": 71.87488113570953,
      "min": 0.0,
      "max": 288.7445887431731,
      "q1": 4.471382757256671,
      "q3": 11.584843471184072
    },
    "singular_value_spread_final": {
      "n_valid": 224,
      "n_nan": 0,
      "n_inf": 0,
      "mean": 4.575403434208044e+235,
      "median": 5.5168137398837835,
      "std": "inf",
      "min": 0.0,
      "max": 1.0248903692626018e+238,
      "q1": 2.4867645326432255,
      "q3": 18.28680316748438
    },
    "singular_value_spread_mean": {
      "n_valid": 224,
      "n_nan": 0,
      "n_inf": 0,
      "mean": 4.5754034342080434e+234,
      "median": 6.980564620584853,
      "std": "inf",
      "min": 0.0,
      "max": 1.0248903692626017e+237,
      "q1": 2.944583695972188,
      "q3": 15.489233971115466
    },
    "condition_number_svd_initial": {
      "n_valid": 224,
      "n_nan": 0,
      "n_inf": 20,
      "mean": 14974.003256538259,
      "median": 174.60021397295,
      "std": 49713.10462417795,
      "min": 1.0,
      "max": 211467.71298847743,
      "q1": 2.635863441464066,
      "q3": 396.5058418894728
    },