{
  "phase": "poc3.2",
  "n_observations": 672,
  "n_features": 44,
  "feature_stats": {
    "euclidean_norm_initial": {
      "n_valid": 672,
      "n_nan": 0,
      "n_inf": 0,
      "mean": 105.99727101638729,
      "median": 41.42698829890768,
      "std": 146.75013073768687,
      "min": 5.949929015880957,
      "max": 580.1187022539855,
      "q1": 24.03661316167443,
      "q3": 59.792228685389105
    },
    "euclidean_norm_final": {
      "n_valid": 672,
      "n_nan": 0,
      "n_inf": 3,
      "mean": 7.083474972065904e+71,
      "median": 35.20346044625672,
      "std": 1.0584365138771525e+73,
      "min": 0.0,
      "max": 1.711519263763438e+74,
      "q1": 15.388954569167332,
      "q3": 95.68399192646393
    },
    "euclidean_norm_mean": {
      "n_valid": 672,
      "n_nan": 0,
      "n_inf": 3,
      "mean": 6.439522701878095e+70,
      "median": 40.17653836414787,
      "std": 9.622150126155933e+71,
      "min": 0.5945123920018303,
      "max": 1.5559266034213072e+73,
      "q1": 18.225236361578602,
      "q3": 81.79160950372828
    },
    "entropy_initial": {
      "n_valid": 672,
      "n_nan": 0,
      "n_inf": 0,
      "mean": 2.831738318113305,
      "median": 3.174951785462892,
      "std": 1.0391774298055492,
      "min": 0.0013804313991122512,
      "max": 3.911999863410142,
      "q1": 2.3171782349012133,
      "q3": 3.7201315343105605
    },
    "entropy_final": {
      "n_valid": 672,
      "n_nan": 0,
      "n_inf": 0,
      "mean": 2.4233402034761973,
      "median": 2.9213639473815536,
      "std": 1.2568901137840913,
      "min": 0.0,
      "max": 3.911999863410142,
      "q1": 0.8774550245781523,
      "q3": 3.4974290209494177
    },
    "mean_value_initial": {
      "n_valid": 672,
      "n_nan": 0,
      "n_inf": 0,
      "mean": 0.03265193950803199,
      "median": 8.30698162834526e-06,
      "std": 0.11944317306496985,
      "min": -0.06032631173904815,
      "max": 0.5057751469595964,
      "q1": -0.002348485020052371,
      "q3": 0.009115392319786317
    },
    "mean_value_final": {
      "n_valid": 672,
      "n_nan": 0,
      "n_inf": 0,
      "mean": -1.7039442995693355e+233,
      "median": 2.4748712907215623e-05,
      "std": "inf",
      "min": -3.98787924582717e+235,
      "max": 1.7113329855941158e+72,
      "q1": -0.0023670365655789997,
      "q3": 0.004316622942496772
    },
    "std_value_initial": {
      "n_valid": 672,
      "n_nan": 0,
      "n_inf": 0,
      "mean": 0.48975381654178884,
      "median": 0.240173174514555,
      "std": 0.8740225911703746,
      "min": 0.005949926026977102,
      "max": 4.084093863542785,
      "q1": 0.1469640957166427,
      "q3": 0.45418620325890946
    },
    "std_value_final": {
      "n_valid": 672,
      "n_nan": 0,
      "n_inf": 3,
      "mean": 7.144432483542785e+67,
      "median": 0.21184891981717097,
      "std": 1.3077873437745567e+69,
      "min": 0.0,
      "max": 2.525079505423298e+70,
      "q1": 0.08093379759248655,
      "q3": 0.7031061454180167
    },
    "std_value_mean": {
      "n_valid": 672,
      "n_nan": 0,
      "n_inf": 3,
      "mean": 6.494938621402505e+66,
      "median": 0.26030311955211377,
      "std": 1.188897585249597e+68,
      "min": 0.0,
      "max": 2.295526823112089e+69,
      "q1": 0.10115833025173644,
      "q3": 0.5384427901749642
    },
    "range_value_initial": {
      "n_valid": 672,
      "n_nan": 0,
      "n_inf": 0,
      "mean": 2.789067451711769,
      "median": 1.999412077061529,
      "std": 4.113160881354539,
      "min": 0.5,
      "max": 20.059037285224477,
      "q1": 1.5728085141140926,
      "q3": 2.177730769487116
    },
    "range_value_final": {
      "n_valid": 672,
      "n_nan": 0,
      "n_inf": 0,
      "mean": 2.8876202302419292e+234,
      "median": 1.0685280736288207,
      "std": "inf",
      "min": 0.0,
      "max": 6.863790474354152e+236,
      "q1": 0.609812309435429,
      "q3": 1.9150080521103892
    },
    "range_value_mean": {
      "n_valid": 672,
      "n_nan": 0,
      "n_inf": 0,
      "mean": 2.887620230241929e+233,
      "median": 1.4186367346634687,
      "std": "inf",
      "min": 0.0,
      "max": 6.863790474354153e+235,
      "q1": 0.9690760072977034,
      "q3": 1.902199930322325
    },
    "cv_initial": {
      "n_valid": 672,
      "n_nan": 0,
      "n_inf": 0,
      "mean": 102210949.84902039,
      "median": 49.24554111692232,
      "std": 758570642.4423984,
      "min": 0.09851360761481116,
      "max": 5723734045.537387,
      "q1": 13.692699305944158,
      "q3": 862.8720248099636
    },
    "cv_final": {
      "n_valid": 672,
      "n_nan": 0,
      "n_inf": 3,
      "mean": 58046781.89006752,
      "median": 62.655530250291754,
      "std": 664099519.4238394,
      "min": 0.0,
      "max": 9522487213.344498,
      "q1": 16.074836601770546,
      "q3": 876.8705877331579
    },
    "singular_value_max_initial": {
      "n_valid": 672,
      "n_nan": 0,
      "n_inf": 0,
      "mean": 36.214295515022926,
      "median": 10.116486644950745,
      "std": 71.30940422436727,
      "min": 0.9889557657527952,
      "max": 288.85494506858555,
      "q1": 5.0888129996524265,
      "q3": 21.223880456400398
    },
    "singular_value_max_final": {
      "n_valid": 672,
      "n_nan": 0,
      "n_inf": 0,
      "mean": 4.536347933757053e+235,
      "median": 9.88661345906975,
      "std": "inf",
      "min": 0.0,
      "max": 1.0707613740593226e+238,
      "q1": 3.3700233251373604,
      "q3": 23.526129018487175
    },
    "singular_value_max_mean": {
      "n_valid": 672,
      "n_nan": 0,
      "n_inf": 0,
      "mean": 4.536347933757054e+234,
      "median": 9.553705579765701,
      "std": "inf",
      "min": 0.09881570961811609,
      "max": 1.070761374059323e+237,
      "q1": 3.91144578823194,
      "q3": 24.71794194421333
    },
    "singular_value_min_initial": {
      "n_valid": 672,
      "n_nan": 0,
      "n_inf": 0,
      "mean": 4.795747460127676,
      "median": 0.026046039839366677,
      "std": 12.005483271845396,
      "min": 0.0,
      "max": 52.33725066158622,
      "q1": 0.007430334851089428,
      "q3": 0.49999999999994577
    },
    "singular_value_min_final": {
      "n_valid": 672,
      "n_nan": 0,
      "n_inf": 0,
      "mean": 1.3728710606255646e+217,
      "median": 0.026480417093106286,
      "std": "inf",
      "min": 0.0,
      "max": 4.8363722449051274e+219,
      "q1": 0.0026922401950799806,
      "q3": 0.5754142354023705
    },
    "singular_value_min_mean": {
      "n_valid": 672,
      "n_nan": 0,
      "n_inf": 0,
      "mean": 1.3712773964259552e+216,
      "median": 0.02829504695538616,
      "std": "inf",
      "min": 0.0,
      "max": 5.833025422892849e+218,
      "q1": 0.00479132251805089,
      "q3": 0.6055416983916821
    },
    "singular_value_spread_initial": {
      "n_valid": 672,
      "n_nan": 0,
      "n_inf": 0,
      "mean": 31.418548054895258,
      "median": 7.946519883973933,
      "std": 71.47526051057172,
      "min": 0.0,
      "max": 288.8487197962413,
      "q1": 4.472624897798706,
      "q3": 11.70304897251498
    },
    "singular_value_spread_final": {
      "n_valid": 672,
      "n_nan": 0,
      "n_inf": 0,
      "mean": 4.536347933757053e+235,
      "median": 6.305554310063171,
      "std": "inf",
      "min": 0.0,
      "max": 1.0707613740593226e+238,
      "q1": 2.6547572100135897,
      "q3": 18.68408760673374
    },
    "singular_value_spread_mean": {
      "n_valid": 672,
      "n_nan": 0,
      "n_inf": 0,
      "mean": 4.536347933757054e+234,
      "median": 7.228426340941283,
      "std": "inf",
      "min": 0.0,
      "max": 1.070761374059323e+237,
      "q1": 3.22350650834193,
      "q3": 15.54058462243183
    },
    "condition_number_svd_initial": {
      "n_valid": 672,
      "n_nan": 0,
      "n_inf": 20,
      "mean": 43246.399927260274,
      "median": 208.69793611177465,
      "std": 873815.354648865,
      "min": 1.0,
      "max": 22294790.505354725,
      "q1": 5.598895439206725,