{
  "phase": "poc3",
  "n_observations": 672,
  "n_features": 44,
  "feature_stats": {
    "euclidean_norm_initial": {
      "n_valid": 672,
      "n_nan": 0,
      "n_inf": 0,
      "mean": 105.99464160366513,
      "median": 41.419201371378364,
      "std": 146.7517454841375,
      "min": 5.949929015880957,
      "max": 580.1816279295626,
      "q1": 23.989212612065465,
      "q3": 59.835818591802244
    },
    "euclidean_norm_final": {
      "n_valid": 672,
      "n_nan": 0,
      "n_inf": 37,
      "mean": 2361.3690462260843,
      "median": 11.634395631858643,
      "std": 15246.990166156253,
      "min": 0.0,
      "max": 310556.09813609516,
      "q1": 2.8500741182034393,
      "q3": 95.75040240772694
    },
    "euclidean_norm_mean": {
      "n_valid": 672,
      "n_nan": 0,
      "n_inf": 37,
      "mean": 483.6604484426639,
      "median": 24.114162741789098,
      "std": 1980.7885099261944,
      "min": 0.07616458354869984,
      "max": 19630.651470524634,
      "q1": 7.782715303484207,
      "q3": 94.74277124394064
    },
    "entropy_initial": {
      "n_valid": 672,
      "n_nan": 0,
      "n_inf": 0,
      "mean": 2.831108886141316,
      "median": 3.1767555443577744,
      "std": 1.0388642290756482,
      "min": 0.0013804313991122512,
      "max": 3.911999863410142,
      "q1": 2.3171782349012133,
      "q3": 3.7201315343105605
    },
    "entropy_final": {
      "n_valid": 672,
      "n_nan": 0,
      "n_inf": 0,
      "mean": 2.3606314044543293,
      "median": 2.842538770175303,
      "std": 1.3077175806524128,
      "min": 0.0,
      "max": 3.911999863410142,
      "q1": 0.6931470245984372,
      "q3": 3.49680242527973
    },
    "mean_value_initial": {
      "n_valid": 672,
      "n_nan": 0,
      "n_inf": 0,
      "mean": 0.03262171222146728,
      "median": 9.104309967026275e-06,
      "std": 0.11945787987596287,
      "min": -0.060931146037632083,
      "max": 0.5059569236576184,
      "q1": -0.0023361769262803134,
      "q3": 0.009115392319786317
    },
    "mean_value_final": {
      "n_valid": 672,
      "n_nan": 0,
      "n_inf": 0,
      "mean": 1.2664674614778604e+293,
      "median": 3.141621920513508e-06,
      "std": "inf",
      "min": -2.924456177128551e+285,
      "max": 8.482211310680965e+295,
      "q1": -0.001431670913985956,
      "q3": 0.0032555136818627132
    },
    "std_value_initial": {
      "n_valid": 672,
      "n_nan": 0,
      "n_inf": 0,
      "mean": 0.4897169085166925,
      "median": 0.23963729634529968,
      "std": 0.8739951262709446,
      "min": 0.005949926026977102,
      "max": 4.084099557823969,
      "q1": 0.14684339524247556,
      "q3": 0.45470134375906945
    },
    "std_value_final": {
      "n_valid": 672,
      "n_nan": 0,
      "n_inf": 36,
      "mean": 11.958691349261235,
      "median": 0.09071422634447715,
      "std": 130.43936693278087,
      "min": 0.0,
      "max": 3105.5093580763923,
      "q1": 0.022711989806157466,
      "q3": 0.9573704812495211
    },
    "std_value_mean": {
      "n_valid": 672,
      "n_nan": 0,
      "n_inf": 36,
      "mean": 1.9727185756659573,
      "median": 0.12179513341734768,
      "std": 11.71568054181306,
      "min": 0.0,
      "max": 196.30269698355448,
      "q1": 0.0464894214081132,
      "q3": 0.9231413220385618
    },
    "range_value_initial": {
      "n_valid": 672,
      "n_nan": 0,
      "n_inf": 0,
      "mean": 2.7908812975896473,
      "median": 1.999412077061529,
      "std": 4.116904073599832,
      "min": 0.5,
      "max": 20.143418462942705,
      "q1": 1.5830779314768546,
      "q3": 2.1802243895873885
    },
    "range_value_final": {
      "n_valid": 672,
      "n_nan": 0,
      "n_inf": 0,
      "mean": 8.010108890843072e+296,
      "median": 0.5172654974156216,
      "std": "inf",
      "min": 0.0,
      "max": 5.349261322138912e+299,
      "q1": 0.16977058883731766,
      "q3": 1.9150080481545375
    },
    "range_value_mean": {
      "n_valid": 672,
      "n_nan": 0,
      "n_inf": 0,
      "mean": 1.21857310066103e+295,
      "median": 0.5550158992667187,
      "std": "inf",
      "min": 0.0,
      "max": 8.10494139718017e+297,
      "q1": 0.37070039254686366,
      "q3": 1.9155701308582453
    },
    "cv_initial": {
      "n_valid": 672,
      "n_nan": 0,
      "n_inf": 0,
      "mean": 102211268.93450613,
      "median": 49.00105797909009,
      "std": 758570599.3877175,
      "min": 0.09851360761481116,
      "max": 5723734045.537387,
      "q1": 13.693884310061069,
      "q3": 862.7888383933462
    },
    "cv_final": {
      "n_valid": 672,
      "n_nan": 0,
      "n_inf": 36,
      "mean": 1383850612.8073845,
      "median": 69.82983570633537,
      "std": 33688351831.24546,
      "min": 0.0,
      "max": 849475151889.432,
      "q1": 13.485520266277659,
      "q3": 720.6588273165567
    },
    "singular_value_max_initial": {
      "n_valid": 672,
      "n_nan": 0,
      "n_inf": 0,
      "mean": 36.21357654351597,
      "median": 10.106524668197775,
      "std": 71.30715783195164,
      "min": 0.9889557657527952,
      "max": 288.82697990213273,
      "q1": 5.0888129996524265,
      "q3": 21.227942355842313
    },
    "singular_value_max_final": {
      "n_valid": 672,
      "n_nan": 0,
      "n_inf": 0,
      "mean": 2.927838132450874e+297,
      "median": 7.24280357852038,
      "std": "inf",
      "min": 0.0,
      "max": 1.9388795155723984e+300,
      "q1": 1.2578419719544711,
      "q3": 64.36303488780382
    },
    "singular_value_max_mean": {
      "n_valid": 672,
      "n_nan": 0,
      "n_inf": 0,
      "mean": 4.478118670857155e+295,
      "median": 10.180935194989459,
      "std": "inf",
      "min": 0.01265954666780082,
      "max": 2.9376962357157557e+298,
      "q1": 2.256748063648361,
      "q3": 63.87136105170712
    },
    "singular_value_min_initial": {
      "n_valid": 672,
      "n_nan": 0,
      "n_inf": 0,
      "mean": 4.795939432064443,
      "median": 0.027512470104343247,
      "std": 12.003881950697165,
      "min": 0.0,
      "max": 52.335761775952435,
      "q1": 0.007006253001145964,
      "q3": 0.49999999999994577
    },
    "singular_value_min_final": {
      "n_valid": 672,
      "n_nan": 0,
      "n_inf": 0,
      "mean": 3.782868391756435e+276,
      "median": 0.011051093350691508,
      "std": "inf",
      "min": 0.0,
      "max": 2.5190754918234994e+279,
      "q1": 1.7143120208814598e-06,
      "q3": 1.9808999476296605
    },
    "singular_value_min_mean": {
      "n_valid": 672,
      "n_nan": 0,
      "n_inf": 0,
      "mean": 3.481876186688959e+275,
      "median": 0.027104347960699514,
      "std": "inf",
      "min": 0.0,
      "max": 2.3353565400533737e+278,
      "q1": 0.0018856103865172251,
      "q3": 2.416084299980981
    },
    "singular_value_spread_initial": {
      "n_valid": 672,
      "n_nan": 0,
      "n_inf": 0,
      "mean": 31.41763711145153,
      "median": 7.960633668988509,
      "std": 71.47260870499989,
      "min": 0.0,
      "max": 288.8167847248781,
      "q1": 4.471382757256671,
      "q3": 11.688615274646336
    },
    "singular_value_spread_final": {
      "n_valid": 672,
      "n_nan": 0,
      "n_inf": 0,
      "mean": 2.927838132450874e+297,
      "median": 2.5126999818623803,
      "std": "inf",
      "min": 0.0,
      "max": 1.9388795155723984e+300,
      "q1": 1.136721307875474,
      "q3": 22.339529296443086
    },
    "singular_value_spread_mean": {
      "n_valid": 672,
      "n_nan": 0,
      "n_inf": 0,
      "mean": 4.478118670857155e+295,
      "median": 3.7976718922003183,
      "std": "inf",
      "min": 0.0,
      "max": 2.9376962357157557e+298,
      "q1": 1.6102372794959396,
      "q3": 22.811086686836504
    },
    "condition_number_svd_initial": {
      "n_valid": 672,
      "n_nan": 0,
      "n_inf": 20,
      "mean": 13482.692503088845,
      "median": 196.4103237891589,
      "std": 120155.33222208895,
      "min": 1.0,
      "max": 2894951.9814563775,
      "q1": 5.864587651540953,
      "q3": 1326.6400884820118
    },